rep,dim,clf,thr,fit_s,auc,ap,acc,recall,fpr,precision,f1
R1 tfidf-word,43784,LogisticRegression,0.25,0.6,0.8719121305981515,0.7982774785939151,0.7399650959860384,0.9082969432314411,0.37209302325581395,0.6190476190476191,0.736283185840708
R1 tfidf-word,43784,LinearSVM,0.22999999999999998,0.5,0.8707712374327206,0.7975069478200282,0.7351657940663177,0.9115720524017468,0.38226744186046513,0.6135194709772226,0.7334211682037769
R2 tfidf-char,72090,LogisticRegression,0.25,1.3,0.8764578520107646,0.8075217386335933,0.7469458987783595,0.9082969432314411,0.36046511627906974,0.6265060240963856,0.7415329768270945
R2 tfidf-char,72090,LinearSVM,0.25,1.2,0.8771084308672693,0.810314578741451,0.743455497382199,0.9104803493449781,0.36773255813953487,0.6223880597014926,0.7393617021276596
R3 lsa-256,256,LogisticRegression,0.19999999999999998,0.4,0.8692856168122272,0.797190132025413,0.7369109947643979,0.9203056768558951,0.3851744186046512,0.6139839766933721,0.7365661861074705
R3 lsa-256,256,LinearSVM,0.24,0.7,0.868715963618361,0.7958847013912099,0.7329842931937173,0.9181222707423581,0.39026162790697677,0.6103047895500726,0.7332170880557978
R3 lsa-256,256,RandomForest,0.30000000000000004,11.5,0.8585875615669748,0.7703537979012448,0.7325479930191972,0.9334061135371179,0.4011627906976744,0.6076759061833689,0.7361170899698666
R3 lsa-256,256,GradientBoosting,0.12000000000000001,5.7,0.8696069392962323,0.7947531766814699,0.7473821989528796,0.9181222707423581,0.36627906976744184,0.625278810408922,0.7439186200796107
R3 lsa-256,256,MLP,0.19,2.0,0.8653472345638265,0.7905916961005517,0.7268760907504364,0.9093886462882096,0.3946220930232558,0.6053779069767442,0.7268760907504364
R4 engineered,24,LogisticRegression,0.27,0.4,0.6802742110541281,0.5853188424098081,0.5205061082024433,0.9279475982532751,0.7507267441860465,0.4514073287307488,0.6073597713469097
R4 engineered,24,LinearSVM,0.27,0.4,0.6797870703005993,0.5848540816708526,0.5043630017452007,0.9475982532751092,0.7906976744186046,0.4437627811860941,0.6044568245125348
R4 engineered,24,RandomForest,0.30000000000000004,2.0,0.7723604746369452,0.6734231790409412,0.6321989528795812,0.9050218340611353,0.5494186046511628,0.5230283911671925,0.6629348260695722
R4 engineered,24,GradientBoosting,0.16999999999999998,1.1,0.7681967699553163,0.6649657939568808,0.6361256544502618,0.9093886462882096,0.5457848837209303,0.5258838383838383,0.6664
R4 engineered,24,MLP,0.22999999999999998,1.2,0.7423925910175687,0.6412456237680579,0.6003490401396161,0.9268558951965066,0.6170058139534884,0.5,0.6495791889824024
R5 transformer,192,LogisticRegression,0.15,2.9,0.8299390836041435,0.7379465112422208,0.6972076788830716,0.9061135371179039,0.4418604651162791,0.5771905424200278,0.7051826677994902
R5 transformer,192,LinearSVM,0.16,0.8,0.8293424551893976,0.737687498935031,0.6972076788830716,0.9104803493449781,0.44476744186046513,0.5767634854771784,0.7061812023708721
R5 transformer,192,RandomForest,0.15,9.8,0.8298244389154057,0.7403619530419436,0.6889179755671903,0.9137554585152838,0.46075581395348836,0.5690006798096533,0.7012987012987013
R5 transformer,192,GradientBoosting,0.02,3.4,0.8274502227835889,0.7350641009062052,0.6692844677137871,0.9203056768558951,0.49781976744186046,0.5517015706806283,0.6898527004909983
R5 transformer,192,MLP,0.16999999999999998,1.3,0.8259039079161166,0.7366520250172242,0.6893542757417103,0.8973799126637555,0.4491279069767442,0.5708333333333333,0.6977928692699491
R6 hybrid,216,LogisticRegression,0.16,8.0,0.8315187208032904,0.7402308189761634,0.7033158813263525,0.8995633187772926,0.4273255813953488,0.5835694050991501,0.7079037800687286
R6 hybrid,216,LinearSVM,0.16999999999999998,2.3,0.8320336301665481,0.7407895240819817,0.7020069808027923,0.9028384279475983,0.4316860465116279,0.5819845179451091,0.707744972186564
R6 hybrid,216,RandomForest,0.16,9.2,0.8326139941098812,0.7477598857478741,0.6897905759162304,0.9039301310043668,0.45276162790697677,0.5706409372846313,0.6996197718631179
R6 hybrid,216,GradientBoosting,0.03,3.8,0.8464026956179547,0.7611017292238867,0.7116055846422339,0.9203056768558951,0.4273255813953488,0.589098532494759,0.7183638687686408
R6 hybrid,216,MLP,0.1,1.3,0.8321034483852952,0.7471430784323504,0.6919720767888308,0.9006550218340611,0.44694767441860467,0.5729166666666666,0.700339558573854
R5 transformer,192,TransformerHead,0.18,0.0,0.8261720733472123,0.7372555850790382,0.6845549738219895,0.9050218340611353,0.4622093023255814,0.5658703071672355,0.6963460730785385
