config,recall,fpr,precision,acc,auc,ap,thr,delta_auc
B1 stateless: any turn over threshold,0.4810126582278481,0.044642857142857144,0.9193548387096774,0.7114967462039046,0.8670697709463533,0.8525475090276105,0.9551486372682263,
B2 mean pooling,0.48523206751054854,0.04017857142857143,0.9274193548387096,0.7158351409978309,0.892744122965642,0.8720234850021407,0.5277937848551603,
B3 top-2 pooling,0.5232067510548524,0.044642857142857144,0.9253731343283582,0.7331887201735358,0.8668814044605182,0.8534686312720454,0.8780705109643386,
B4 reassembly only (concatenate and re-score),0.5443037974683544,0.044642857142857144,0.9280575539568345,0.7440347071583514,0.8886377335744424,0.8749593293122648,0.9026644639110444,
B5 sequential accumulator only (tuned),0.4810126582278481,0.049107142857142856,0.912,0.7093275488069414,0.8658642254370101,0.8616091674637352,4.561039328575133,
B6 CASA-full,0.5147679324894515,0.03571428571428571,0.9384615384615385,0.7331887201735358,0.899205093429777,0.9029860092998341,0.9999935580416764,
"B7 CASA-full, linear meta-classifier",0.569620253164557,0.04017857142857143,0.9375,0.7592190889370932,0.9079076250753467,0.8977939386568484,0.9496422410011292,
ABL no reassembly/windows,0.5527426160337553,0.04017857142857143,0.9357142857142857,0.7505422993492408,0.9009003918022905,0.894688290620627,0.999985971465428,0.0016952983725135873
ABL no sequential accumulator,0.5485232067510548,0.049107142857142856,0.9219858156028369,0.7440347071583514,0.8999020494273658,0.899075014079709,0.9999918633080241,0.0006969559975888995
ABL no trajectory,0.5611814345991561,0.05357142857142857,0.9172413793103448,0.7483731019522777,0.8962854128993369,0.8968813022094602,0.9999915790250812,-0.0029196805304400053
ABL no provenance,0.5569620253164557,0.049107142857142856,0.9230769230769231,0.7483731019522777,0.8958710066305002,0.8928897212963415,0.9999927624419176,-0.0033340867992767143
ABL pooled turn scores only,0.5147679324894515,0.049107142857142856,0.9172932330827067,0.7266811279826464,0.8868199969861362,0.875979692031588,0.9999940263117822,-0.01238509644364072
